<?xml version="1.0" encoding="UTF-8" standalone="yes"?>
<cp:manifest xmlns:cp="http://www.imsglobal.org/xsd/imscp_v1p1" xmlns:ld="http://www.imsglobal.org/xsd/imsld_v1p0" identifier="ldep-1">
    <cp:organizations>
        <ld:learning-design identifier="ld-1" uri="" sequence-used="false" version="" level="A">
            <ld:title>MI - Básico</ld:title>
            <ld:prerequisites>
                <ld:title>Prerrequisitos básicos</ld:title>
                <ld:item identifier="item-3" identifierref="resource-16">
                    <ld:title>Logotipo IFG</ld:title>
                </ld:item>
                <ld:item identifier="item-7" identifierref="resource-15">
                    <ld:title>IME -Instructional Model Environment</ld:title>
                </ld:item>
            </ld:prerequisites>
            <ld:components>
                <ld:roles identifier="ROLES-1">
                    <ld:learner match-persons="exclusively-in-roles" create-new="allowed" identifier="learner-2">
                        <ld:title>Aluno</ld:title>
                        <ld:information>
                            <ld:title>a</ld:title>
                            <ld:item identifier="item-6" identifierref="resource-14">
<ld:title>teste1</ld:title>
                            </ld:item>
                        </ld:information>
                    </ld:learner>
                    <ld:learner match-persons="exclusively-in-roles" create-new="allowed" identifier="learner-1">
                        <ld:title>Aluno2</ld:title>
                    </ld:learner>
                    <ld:staff match-persons="exclusively-in-roles" create-new="allowed" identifier="staff-1">
                        <ld:title>Professor</ld:title>
                    </ld:staff>
                </ld:roles>
                <ld:activities>
                    <ld:learning-activity identifier="activityla-1">
                        <ld:title>Atividade Básica</ld:title>
                        <ld:environment-ref ref="env-1"/>
                        <ld:activity-description>
                            <ld:title>a</ld:title>
                            <ld:item identifier="item-4" identifierref="resource-10">
<ld:title>a</ld:title>
                            </ld:item>
                        </ld:activity-description>
                    </ld:learning-activity>
                    <ld:support-activity identifier="activitysa-1">
                        <ld:title>Apoio</ld:title>
                        <ld:role-ref ref="staff-1"/>
                        <ld:environment-ref ref="env-1"/>
                        <ld:activity-description>
                            <ld:title>Apoio ao professor</ld:title>
                            <ld:item isvisible="false" identifier="item-5" identifierref="resource-9">
<ld:title>Descrever a atividade</ld:title>
                            </ld:item>
                        </ld:activity-description>
                    </ld:support-activity>
                </ld:activities>
                <ld:environments>
                    <ld:environment identifier="env-1">
                        <ld:title>amb</ld:title>
                        <ld:learning-object identifier="lo-1" parameters="" type="knowledge-object">
                            <ld:title>teste lo 1.1</ld:title>
                            <ld:item identifier="item-8" identifierref="resource-13">
<ld:title>titulo item teste lo 1.1</ld:title>
                            </ld:item>
                            <ld:item identifier="item-2" identifierref="resource-12">
<ld:title>teste link</ld:title>
                            </ld:item>
                        </ld:learning-object>
                        <ld:service parameters="parametro serviço" identifier="sv-2">
                            <ld:send-mail select="all-persons-in-role">
<ld:title>serviço de email titulo.</ld:title>
<ld:email-data>
    <ld:role-ref ref="learner-2"/>
</ld:email-data>
<ld:email-data>
    <ld:role-ref ref="staff-1"/>
</ld:email-data>
                            </ld:send-mail>
                        </ld:service>
                        <ld:service class="serv" parameters="parametro serviço" identifier="sv-1">
                            <ld:conference conference-type="asynchronous">
<ld:title>serviço de conferência 1</ld:title>
<ld:participant role-ref="learner-2"/>
<ld:participant role-ref="learner-1"/>
<ld:observer role-ref="staff-1"/>
<ld:conference-manager role-ref="staff-1"/>
<ld:moderator role-ref="staff-1"/>
<ld:item identifier="item-1" parameters="parametro serviço item conferencia" identifierref="resource-11">
    <ld:title>teste item serviço conferencia</ld:title>
</ld:item>
                            </ld:conference>
                        </ld:service>
                    </ld:environment>
                </ld:environments>
            </ld:components>
            <ld:method>
                <ld:play identifier="play-1">
                    <ld:title>Curso</ld:title>
                    <ld:act identifier="act-1">
                        <ld:title>Capítulo do Curso</ld:title>
                        <ld:role-part identifier="rp-1">
                            <ld:title>Aula</ld:title>
                            <ld:role-ref ref="learner-2"/>
                            <ld:learning-activity-ref ref="activityla-1"/>
                        </ld:role-part>
                        <ld:role-part identifier="rp-2">
                            <ld:title>Apoio a aula</ld:title>
                            <ld:role-ref ref="staff-1"/>
                            <ld:support-activity-ref ref="activitysa-1"/>
                        </ld:role-part>
                    </ld:act>
                </ld:play>
            </ld:method>
        </ld:learning-design>
    </cp:organizations>
    <cp:resources>
        <cp:resource href="miniLogoIFG.jpg" type="webcontent" identifier="resource-16">
            <cp:file href="miniLogoIFG.jpg"/>
        </cp:resource>
        <cp:resource href="item-10.html" type="webcontent" identifier="resource-15">
            <cp:file href="item-10.html"/>
        </cp:resource>
        <cp:resource href="item-43.html" type="webcontent" identifier="resource-14">
            <cp:file href="item-43.html"/>
        </cp:resource>
        <cp:resource href="item-1.html" type="webcontent" identifier="resource-13">
            <cp:file href="item-1.html"/>
        </cp:resource>
        <cp:resource href="http://www.ifg.edu.br" type="webcontent" identifier="resource-12"/>
        <cp:resource href="item-8.html" type="webcontent" identifier="resource-11">
            <cp:file href="item-8.html"/>
        </cp:resource>
        <cp:resource href="item-2.html" type="webcontent" identifier="resource-10">
            <cp:file href="item-2.html"/>
        </cp:resource>
        <cp:resource href="item-1-1.html" type="webcontent" identifier="resource-9">
            <cp:file href="item-1-1.html"/>
        </cp:resource>
    </cp:resources>
</cp:manifest>
